{"opencv":{"resize":{"ms":10.899999976158142},"translation":{"ms":9.675000011920929},"rotate 90":{"ms":6.194999992847443},"affine transformation":{"ms":4.629999995231628},"perspective transformation":{"ms":11.7049999833107},"grayscale":{"ms":1.1449999809265137},"inRange":{"ms":3.2300000190734863},"hsv":{"ms":4.2049999833106995},"threshold":{"ms":2.0850000381469727},"adaptive threshold":{"ms":8.014999985694885},"2d convolution":{"ms":8.9200000166893},"mean blur":{"ms":10.034999966621399},"gaussian blur":{"ms":74.36000001430511},"median blur":{"ms":177.43000000715256},"bilateral filter":{"ms":101.4549999833107},"erosion":{"ms":5.459999978542328},"dilation":{"ms":5.7200000286102295},"opening":{"ms":7.855000019073486},"closing":{"ms":8.215000033378601},"gradient":{"ms":8.054999947547913},"top hat":{"ms":8.014999985694885},"black hat":{"ms":6.754999995231628},"get structuring element":{"ms":11.134999990463257},"sobel":{"ms":3.334999978542328},"scharr":{"ms":2.4200000166893005},"laplacian":{"ms":3.1549999713897705},"canny":{"ms":18.82499998807907},"contours":{"ms":19.27999997138977},"histogram":{"ms":6.4049999713897705},"equalize histogram":{"ms":1.6949999928474426},"clahe":{"ms":5.514999985694885},"haar cascade faces":{"ms":261.83000004291534}}}