{"resize": {"ms": 16.95394515991211}, "translation": {"ms": 8.63790512084961}, "rotate 90": {"ms": 31.78095817565918}, "affine transformation": {"ms": 7.272958755493164}, "perspective transformation": {"ms": 12.696981430053711}, "grayscale": {"ms": 6.011962890625}, "inRange": {"ms": 22.01700210571289}, "hsv": {"ms": 11.044979095458984}, "threshold": {"ms": 2.971172332763672}, "adaptive threshold": {"ms": 55.15003204345703}, "2d convolution": {"ms": 141.2680149078369}, "mean blur": {"ms": 60.423851013183594}, "gaussian blur": {"ms": 121.57273292541504}, "median blur": {"ms": 4167.103052139282}, "bilateral filter": {"ms": 1598.3657836914062}, "erosion": {"ms": 19.739151000976562}, "dilation": {"ms": 24.202823638916016}, "opening": {"ms": 34.46698188781738}, "closing": {"ms": 26.927947998046875}, "gradient": {"ms": 32.91010856628418}, "top hat": {"ms": 42.99807548522949}, "black hat": {"ms": 97.36895561218262}, "sobel": {"ms": 193.817138671875}, "scharr": {"ms": 111.0079288482666}, "laplacian": {"ms": 111.77706718444824}, "canny": {"ms": 121.24109268188477}, "contours": {"ms": 224.18808937072754}, "histogram": {"ms": 43.62607002258301}, "equalize histogram": {"ms": 26.350975036621094}, "clahe": {"ms": 41.902780532836914}, "haar cascade face": {"ms": 2020.345687866211}}