{"opencv":{"resize":{"ms":407.4050000309944},"translation":{"ms":460.6599999666214},"rotate 90":{"ms":562.1800000071526},"affine transformation":{"ms":425.9150000214577},"perspective transformation":{"ms":740.7799999713898},"grayscale":{"ms":46.3299999833107},"inRange":{"ms":69.47500002384186},"hsv":{"ms":106.73500001430511},"threshold":{"ms":16.25499999523163},"adaptive threshold":{"ms":117.45000004768372},"2d convolution":{"ms":163.2750000357628},"mean blur":{"ms":330.64999997615814},"gaussian blur":{"ms":1238.3700000047684},"median blur":{"ms":4463.219999969006},"bilateral filter":{"ms":2898.2049999833107},"erosion":{"ms":52.7150000333786},"dilation":{"ms":52.58499997854233},"opening":{"ms":96.22999995946884},"closing":{"ms":98.38499999046326},"gradient":{"ms":78.72000002861023},"top hat":{"ms":81.43500000238419},"black hat":{"ms":78.31499999761581},"get structuring element":{"ms":101.63999998569489},"sobel":{"ms":53.730000019073486},"scharr":{"ms":52.71000003814697},"laplacian":{"ms":54.65499997138977},"canny":{"ms":534.3250000476837},"contours":{"ms":780.6700000166893},"histogram":{"ms":322.30000001192093},"equalize histogram":{"ms":107.2600000500679},"clahe":{"ms":344.19999998807907},"haar cascade faces":{"ms":20678.759999990463}}}