{"opencv":{"resize":{"ms":536.1599999666214},"translation":{"ms":496.33999997377396},"rotate 90":{"ms":596.125},"affine transformation":{"ms":471.9399999976158},"perspective transformation":{"ms":812.0099999904633},"grayscale":{"ms":36.935000002384186},"inRange":{"ms":191.25},"hsv":{"ms":207.50999999046326},"threshold":{"ms":76.5450000166893},"adaptive threshold":{"ms":273.3700000047684},"2d convolution":{"ms":810.1349999904633},"mean blur":{"ms":829.085000038147},"gaussian blur":{"ms":7152},"median blur":{"ms":9964.350000023842},"bilateral filter":{"ms":7331.445000052452},"erosion":{"ms":406.1850000023842},"dilation":{"ms":394.52499997615814},"opening":{"ms":804.9250000119209},"closing":{"ms":792.714999973774},"gradient":{"ms":689.9650000333786},"top hat":{"ms":690.0950000286102},"black hat":{"ms":682.8499999642372},"get structuring element":{"ms":860.0749999880791},"sobel":{"ms":232.7049999833107},"scharr":{"ms":232.44499999284744},"laplacian":{"ms":250.12999999523163},"canny":{"ms":1062.9949999451637},"contours":{"ms":811.160000026226},"histogram":{"ms":300.1700000166893},"equalize histogram":{"ms":111.26999998092651},"clahe":{"ms":431.1149999499321},"haar cascade faces":{"ms":21157.235000014305}}}