{"opencv":{"resize":{"ms":511.88499999046326},"translation":{"ms":172.17499995231628},"rotate 90":{"ms":174.83999997377396},"affine transformation":{"ms":148.38999998569489},"perspective transformation":{"ms":335.1899999976158},"grayscale":{"ms":22.169999957084656},"inRange":{"ms":49.99000000953674},"hsv":{"ms":34.660000026226044},"threshold":{"ms":26.605000019073486},"adaptive threshold":{"ms":133.2300000190735},"2d convolution":{"ms":168.3100000023842},"mean blur":{"ms":351.42500001192093},"gaussian blur":{"ms":459.71499997377396},"median blur":{"ms":5586.6449999809265},"bilateral filter":{"ms":889.0549999475479},"erosion":{"ms":50.97500002384186},"dilation":{"ms":51.31999999284744},"opening":{"ms":94.36500000953674},"closing":{"ms":94.27999997138977},"gradient":{"ms":73.9200000166893},"top hat":{"ms":77.6599999666214},"black hat":{"ms":74.65499997138977},"get structuring element":{"ms":94.15500003099442},"sobel":{"ms":52.00499999523163},"scharr":{"ms":52.44499999284744},"laplacian":{"ms":52.19499999284744},"canny":{"ms":229.87000000476837},"contours":{"ms":624.8649999499321},"histogram":{"ms":311.1200000047684},"equalize histogram":{"ms":80.07499998807907},"clahe":{"ms":162.86000001430511},"haar cascade faces":{"ms":8317.165000021458}}}