{
  "opencv": {
    "resize": { "ms": 553.0500000119209 },
    "translation": { "ms": 494.83000004291534 },
    "rotate 90": { "ms": 682.8700000047684 },
    "affine transformation": { "ms": 471.28500002622604 },
    "perspective transformation": { "ms": 832.6849999427795 },
    "grayscale": { "ms": 33.735000014305115 },
    "inRange": { "ms": 192.87000000476837 },
    "hsv": { "ms": 209.62000000476837 },
    "threshold": { "ms": 70.85000002384186 },
    "adaptive threshold": { "ms": 274.914999961853 },
    "2d convolution": { "ms": 820.5349999666214 },
    "mean blur": { "ms": 1006.2699999809265 },
    "gaussian blur": { "ms": 7994.15499997139 },
    "median blur": { "ms": 11262.180000007153 },
    "bilateral filter": { "ms": 7694.139999985695 },
    "erosion": { "ms": 445.85000002384186 },
    "dilation": { "ms": 505.24000000953674 },
    "opening": { "ms": 831.7300000190735 },
    "closing": { "ms": 861.910000026226 },
    "gradient": { "ms": 712.8650000095367 },
    "top hat": { "ms": 703.714999973774 },
    "black hat": { "ms": 697.0999999642372 },
    "get structuring element": { "ms": 895.660000026226 },
    "sobel": { "ms": 236.12000000476837 },
    "scharr": { "ms": 345.6300000548363 },
    "laplacian": { "ms": 252.2300000190735 },
    "canny": { "ms": 1137.6899999976158 },
    "contours": { "ms": 897.8849999904633 },
    "histogram": { "ms": 325.375 },
    "equalize histogram": { "ms": 114.99500000476837 },
    "clahe": { "ms": 434.0900000333786 },
    "haar cascade faces": { "ms": 21424.444999992847 }
  }
}
