{"opencv":{"resize":{"ms":555.7050000429153},"translation":{"ms":194.75499999523163},"rotate 90":{"ms":207.83499997854233},"affine transformation":{"ms":164.49000000953674},"perspective transformation":{"ms":264.5999999642372},"grayscale":{"ms":18.67500001192093},"inRange":{"ms":197.6050000190735},"hsv":{"ms":68.70999997854233},"threshold":{"ms":42.064999997615814},"adaptive threshold":{"ms":272.5600000023842},"2d convolution":{"ms":804.6499999761581},"mean blur":{"ms":817.6949999928474},"gaussian blur":{"ms":2657.9200000166893},"median blur":{"ms":11929.730000019073},"bilateral filter":{"ms":2166.574999988079},"erosion":{"ms":396.02499997615814},"dilation":{"ms":394.56999999284744},"opening":{"ms":811.5400000214577},"closing":{"ms":786.6150000095367},"gradient":{"ms":664.8650000095367},"top hat":{"ms":669.5349999666214},"black hat":{"ms":665.0799999833107},"get structuring element":{"ms":837.0249999761581},"sobel":{"ms":226.55500000715256},"scharr":{"ms":227.36000001430511},"laplacian":{"ms":238.57499998807907},"canny":{"ms":358.8100000023842},"contours":{"ms":638.0600000023842},"histogram":{"ms":322.93499994277954},"equalize histogram":{"ms":87.33999997377396},"clahe":{"ms":136.3149999976158},"haar cascade faces":{"ms":7470.724999964237}}}