{"opencv":{"resize":{"ms":557.410000026226},"translation":{"ms":200.9200000166893},"rotate 90":{"ms":204.44999998807907},"affine transformation":{"ms":165.04000002145767},"perspective transformation":{"ms":277.2849999666214},"grayscale":{"ms":30.2849999666214},"inRange":{"ms":199.99000000953674},"hsv":{"ms":66.68999999761581},"threshold":{"ms":40.810000002384186},"adaptive threshold":{"ms":271.56999999284744},"2d convolution":{"ms":822.4549999833107},"mean blur":{"ms":906.4200000166893},"gaussian blur":{"ms":2785.2699999809265},"median blur":{"ms":10290.319999992847},"bilateral filter":{"ms":2119.1150000095367},"erosion":{"ms":400.7950000166893},"dilation":{"ms":395},"opening":{"ms":815.9699999690056},"closing":{"ms":807.6949999928474},"gradient":{"ms":672.3599999547005},"top hat":{"ms":665.3949999809265},"black hat":{"ms":663.3700000047684},"get structuring element":{"ms":839.4650000333786},"sobel":{"ms":227.71000003814697},"scharr":{"ms":225.76500004529953},"laplacian":{"ms":239.79000002145767},"canny":{"ms":368.72500002384186},"contours":{"ms":630.9750000238419},"histogram":{"ms":315.49000000953674},"equalize histogram":{"ms":82.90500003099442},"clahe":{"ms":129.66000002622604},"haar cascade faces":{"ms":8126.310000002384}}}