{"opencv":{"resize":{"ms":520.3600000143051},"translation":{"ms":180.05500000715256},"rotate 90":{"ms":192.96000003814697},"affine transformation":{"ms":161.4099999666214},"perspective transformation":{"ms":300.52999997138977},"grayscale":{"ms":24.490000009536743},"inRange":{"ms":63.89999997615814},"hsv":{"ms":37.44999998807907},"threshold":{"ms":20.105000019073486},"adaptive threshold":{"ms":129.04499995708466},"2d convolution":{"ms":181.0649999976158},"mean blur":{"ms":347.0349999666214},"gaussian blur":{"ms":515.6800000071526},"median blur":{"ms":5126.149999976158},"bilateral filter":{"ms":905.6350000500679},"erosion":{"ms":49.85000002384186},"dilation":{"ms":49.889999985694885},"opening":{"ms":93.875},"closing":{"ms":93.87999999523163},"gradient":{"ms":74.29999995231628},"top hat":{"ms":73.13999998569489},"black hat":{"ms":73.19499999284744},"get structuring element":{"ms":92.2849999666214},"sobel":{"ms":53.69999998807907},"scharr":{"ms":51.62000000476837},"laplacian":{"ms":51.485000014305115},"canny":{"ms":217.75499999523163},"contours":{"ms":701.3249999880791},"histogram":{"ms":335.8100000023842},"equalize histogram":{"ms":83.58499997854233},"clahe":{"ms":139.19999998807907},"haar cascade faces":{"ms":9120.694999992847}}}