{"opencv":{"resize":{"ms":405.3600000143051},"translation":{"ms":458.47000002861023},"rotate 90":{"ms":522.0649999976158},"affine transformation":{"ms":440.46499997377396},"perspective transformation":{"ms":762.1399999856949},"grayscale":{"ms":48.064999997615814},"inRange":{"ms":69.33999997377396},"hsv":{"ms":108.50499999523163},"threshold":{"ms":16.94999998807907},"adaptive threshold":{"ms":111.46499997377396},"2d convolution":{"ms":166.125},"mean blur":{"ms":343.9200000166893},"gaussian blur":{"ms":1255.910000026226},"median blur":{"ms":4514.285000026226},"bilateral filter":{"ms":2946.4549999833107},"erosion":{"ms":53.939999997615814},"dilation":{"ms":53.74000000953674},"opening":{"ms":103.43000000715256},"closing":{"ms":101.23499995470047},"gradient":{"ms":80.44499999284744},"top hat":{"ms":80.83499997854233},"black hat":{"ms":79.62000000476837},"get structuring element":{"ms":101.5},"sobel":{"ms":58.06999999284744},"scharr":{"ms":54.9549999833107},"laplacian":{"ms":54.5},"canny":{"ms":560.75},"contours":{"ms":786.8050000071526},"histogram":{"ms":328.5649999976158},"equalize histogram":{"ms":110.06499999761581},"clahe":{"ms":349.3799999952316},"haar cascade faces":{"ms":22556.610000014305}}}