{"opencv":{"resize":{"ms":547.3900000452995},"translation":{"ms":497.7300000190735},"rotate 90":{"ms":608.7549999952316},"affine transformation":{"ms":483.69499999284744},"perspective transformation":{"ms":815.6650000214577},"grayscale":{"ms":39.05500000715256},"inRange":{"ms":193.1449999809265},"hsv":{"ms":210.69499999284744},"threshold":{"ms":75.77499997615814},"adaptive threshold":{"ms":279.90499997138977},"2d convolution":{"ms":814.9449999928474},"mean blur":{"ms":828.6550000309944},"gaussian blur":{"ms":7335.164999961853},"median blur":{"ms":10485.290000021458},"bilateral filter":{"ms":7281.214999973774},"erosion":{"ms":400.4650000333786},"dilation":{"ms":405.64500004053116},"opening":{"ms":806.1350000500679},"closing":{"ms":816.1499999761581},"gradient":{"ms":678.5199999809265},"top hat":{"ms":684.0950000286102},"black hat":{"ms":699.8949999809265},"get structuring element":{"ms":864.2950000166893},"sobel":{"ms":242.24499994516373},"scharr":{"ms":238.38499999046326},"laplacian":{"ms":246.92500001192093},"canny":{"ms":1118.0099999904633},"contours":{"ms":852.339999973774},"histogram":{"ms":314.97000002861023},"equalize histogram":{"ms":115.21000003814697},"clahe":{"ms":428.1449999809265},"haar cascade faces":{"ms":21132.355000019073}}}