{"opencv":{"resize":{"ms":552.5799999833107},"translation":{"ms":482.67500001192093},"rotate 90":{"ms":595.2849999666214},"affine transformation":{"ms":471.5349999666214},"perspective transformation":{"ms":810.8249999880791},"grayscale":{"ms":32.39500004053116},"inRange":{"ms":185.62999999523163},"hsv":{"ms":208.6850000023842},"threshold":{"ms":69.41499996185303},"adaptive threshold":{"ms":274.15499997138977},"2d convolution":{"ms":804.3149999976158},"mean blur":{"ms":805.8249999880791},"gaussian blur":{"ms":7301.864999949932},"median blur":{"ms":10316.72000002861},"bilateral filter":{"ms":7356.774999976158},"erosion":{"ms":397.14500004053116},"dilation":{"ms":391.3149999976158},"opening":{"ms":787.214999973774},"closing":{"ms":799.1299999952316},"gradient":{"ms":668.8600000143051},"top hat":{"ms":657.1850000023842},"black hat":{"ms":659.1949999928474},"get structuring element":{"ms":855.8549999594688},"sobel":{"ms":226.33999997377396},"scharr":{"ms":226.52999997138977},"laplacian":{"ms":243.33999997377396},"canny":{"ms":1028.9550000429153},"contours":{"ms":804.2900000214577},"histogram":{"ms":304.1500000357628},"equalize histogram":{"ms":107.53999996185303},"clahe":{"ms":402.4200000166893},"haar cascade faces":{"ms":21524.384999990463}}}