{"opencv":{"resize":{"ms":586.3200000000002},"translation":{"ms":176.32000000000062},"rotate 90":{"ms":219.02000000000044},"affine transformation":{"ms":166.60000000000036},"perspective transformation":{"ms":281.77999999999975},"grayscale":{"ms":16.460000000000036},"inRange":{"ms":212.19999999999982},"hsv":{"ms":79.21999999999935},"threshold":{"ms":35.70000000000073},"adaptive threshold":{"ms":240.02000000000044},"2d convolution":{"ms":653.3600000000006},"mean blur":{"ms":797.8199999999997},"gaussian blur":{"ms":2783.000000000001},"median blur":{"ms":10736.260000000002},"bilateral filter":{"ms":2072.6200000000026},"erosion":{"ms":596.6600000000035},"dilation":{"ms":564.3400000000001},"opening":{"ms":1178.9799999999996},"closing":{"ms":1164.7000000000007},"gradient":{"ms":969.4199999999983},"top hat":{"ms":970.1599999999999},"black hat":{"ms":966.6999999999971},"get structuring element":{"ms":1136.7599999999984},"sobel":{"ms":187.15999999999985},"scharr":{"ms":190.3199999999997},"laplacian":{"ms":213.3000000000029},"canny":{"ms":387.9400000000023},"contours":{"ms":853.5600000000013},"histogram":{"ms":321.7800000000025},"equalize histogram":{"ms":86.13999999999942},"clahe":{"ms":124.19999999999709},"haar cascade faces":{"ms":7080.720000000001}}}