{"opencv":{"resize":{"ms":573.3999999999996},"translation":{"ms":492.6999999999998},"rotate 90":{"ms":624.8399999999992},"affine transformation":{"ms":488.72000000000025},"perspective transformation":{"ms":901.8600000000006},"grayscale":{"ms":32},"inRange":{"ms":209.47999999999956},"hsv":{"ms":231.85999999999967},"threshold":{"ms":78.86000000000058},"adaptive threshold":{"ms":235.15999999999985},"2d convolution":{"ms":658.4599999999991},"mean blur":{"ms":800.7199999999993},"gaussian blur":{"ms":9124.339999999998},"median blur":{"ms":10529.84},"bilateral filter":{"ms":7316.800000000003},"erosion":{"ms":494.4799999999959},"dilation":{"ms":519.1800000000003},"opening":{"ms":1001.9000000000015},"closing":{"ms":1000.6199999999953},"gradient":{"ms":848.8799999999974},"top hat":{"ms":847.2200000000012},"black hat":{"ms":833.9199999999983},"get structuring element":{"ms":1135.6399999999994},"sobel":{"ms":186.37999999999738},"scharr":{"ms":184.77999999999884},"laplacian":{"ms":213.5},"canny":{"ms":1218.7999999999956},"contours":{"ms":832.2999999999956},"histogram":{"ms":306.1399999999994},"equalize histogram":{"ms":117.13999999999942},"clahe":{"ms":368.11999999999534},"haar cascade faces":{"ms":20069.91999999999}}}