{"opencv":{"resize":{"ms":606.5600000000013},"translation":{"ms":529.6399999999994},"rotate 90":{"ms":657.6400000000012},"affine transformation":{"ms":510.89999999999964},"perspective transformation":{"ms":914.9200000000001},"grayscale":{"ms":40.06000000000131},"inRange":{"ms":212.97999999999956},"hsv":{"ms":239.22000000000116},"threshold":{"ms":81.78000000000065},"adaptive threshold":{"ms":249.64000000000124},"2d convolution":{"ms":652.5400000000009},"mean blur":{"ms":796.8999999999996},"gaussian blur":{"ms":9293.24},"median blur":{"ms":12472.320000000003},"bilateral filter":{"ms":8395.699999999997},"erosion":{"ms":483.6800000000003},"dilation":{"ms":493.1399999999994},"opening":{"ms":1055.5199999999968},"closing":{"ms":1083.2000000000044},"gradient":{"ms":1518.4599999999991},"top hat":{"ms":1439.6199999999953},"black hat":{"ms":1863.2200000000012},"get structuring element":{"ms":2434.1399999999994},"sobel":{"ms":228.12000000000262},"scharr":{"ms":233.63999999999942},"laplacian":{"ms":234.07999999999447},"canny":{"ms":1293},"contours":{"ms":1003.939999999995},"histogram":{"ms":517.1800000000003},"equalize histogram":{"ms":238.1600000000035},"clahe":{"ms":585.9199999999983},"haar cascade faces":{"ms":22387.100000000006}}}