{"opencv":{"resize":{"ms":549.9399999999996},"translation":{"ms":174.4399999999996},"rotate 90":{"ms":168.4399999999996},"affine transformation":{"ms":130.30000000000018},"perspective transformation":{"ms":277.09999999999945},"grayscale":{"ms":14.44000000000051},"inRange":{"ms":54.159999999999854},"hsv":{"ms":34.98000000000047},"threshold":{"ms":5.239999999999782},"adaptive threshold":{"ms":124.90000000000055},"2d convolution":{"ms":154.3800000000001},"mean blur":{"ms":339.72000000000025},"gaussian blur":{"ms":426.0799999999999},"median blur":{"ms":3902.2199999999993},"bilateral filter":{"ms":614.8199999999997},"erosion":{"ms":47.54000000000087},"dilation":{"ms":45.52000000000044},"opening":{"ms":96.23999999999978},"closing":{"ms":93.17999999999847},"gradient":{"ms":72.70000000000073},"top hat":{"ms":74.64000000000124},"black hat":{"ms":75.66000000000167},"get structuring element":{"ms":97.47999999999956},"sobel":{"ms":66.60000000000036},"scharr":{"ms":50.83999999999833},"laplacian":{"ms":49.600000000000364},"canny":{"ms":192.11999999999898},"contours":{"ms":775.5},"histogram":{"ms":312.6399999999994},"equalize histogram":{"ms":79.31999999999971},"clahe":{"ms":122.70000000000073},"haar cascade faces":{"ms":1873.6400000000012}}}