{"opencv":{"resize":{"ms":461.72000000000025},"translation":{"ms":439.6800000000003},"rotate 90":{"ms":559.1999999999998},"affine transformation":{"ms":431.9800000000005},"perspective transformation":{"ms":783.0600000000004},"grayscale":{"ms":35.400000000000546},"inRange":{"ms":79.81999999999971},"hsv":{"ms":96.63999999999942},"threshold":{"ms":10.579999999999927},"adaptive threshold":{"ms":128.77999999999975},"2d convolution":{"ms":159.60000000000036},"mean blur":{"ms":331.0599999999995},"gaussian blur":{"ms":1388.7399999999998},"median blur":{"ms":3942.0200000000004},"bilateral filter":{"ms":2329.42},"erosion":{"ms":80.26000000000022},"dilation":{"ms":52.279999999998836},"opening":{"ms":123.71999999999935},"closing":{"ms":96.78000000000065},"gradient":{"ms":70.84000000000015},"top hat":{"ms":72.86000000000058},"black hat":{"ms":70.40000000000146},"get structuring element":{"ms":114.96000000000095},"sobel":{"ms":55.840000000000146},"scharr":{"ms":65.57999999999993},"laplacian":{"ms":81.10000000000036},"canny":{"ms":1069.7800000000007},"contours":{"ms":1027.920000000002},"histogram":{"ms":306.27999999999884},"equalize histogram":{"ms":104.21999999999753},"clahe":{"ms":307.7800000000025},"haar cascade faces":{"ms":4057.920000000002}}}