{"opencv":{"resize":{"ms":556.9599999999991},"translation":{"ms":302.619999999999},"rotate 90":{"ms":242.46000000000095},"affine transformation":{"ms":193.79999999999927},"perspective transformation":{"ms":352.7000000000007},"grayscale":{"ms":21.700000000000728},"inRange":{"ms":175.9400000000005},"hsv":{"ms":102.97999999999956},"threshold":{"ms":70.19999999999891},"adaptive threshold":{"ms":231.2599999999984},"2d convolution":{"ms":690.0600000000013},"mean blur":{"ms":740.4400000000005},"gaussian blur":{"ms":2810.459999999999},"median blur":{"ms":12823.68},"bilateral filter":{"ms":3386.6799999999967},"erosion":{"ms":396.3599999999933},"dilation":{"ms":431.0400000000009},"opening":{"ms":796.9000000000015},"closing":{"ms":807.0400000000009},"gradient":{"ms":689.6999999999971},"top hat":{"ms":856.439999999995},"black hat":{"ms":687.5},"get structuring element":{"ms":774.439999999995},"sobel":{"ms":209.1400000000067},"scharr":{"ms":210.54000000000087},"laplacian":{"ms":221.56000000000495},"canny":{"ms":807.5999999999913},"contours":{"ms":773.4999999999927},"histogram":{"ms":424.4599999999991},"equalize histogram":{"ms":118.34000000000378},"clahe":{"ms":199.0199999999968},"haar cascade faces":{"ms":10436.879999999997}}}