{
  "opencv": {
    "resize": { "ms": 651.6800000000003 },
    "translation": { "ms": 513.5000000000018 },
    "rotate 90": { "ms": 615.0599999999995 },
    "affine transformation": { "ms": 492.4400000000005 },
    "perspective transformation": { "ms": 836.0799999999981 },
    "grayscale": { "ms": 45.779999999998836 },
    "inRange": { "ms": 197.90000000000146 },
    "hsv": { "ms": 216.04000000000087 },
    "threshold": { "ms": 83.44000000000233 },
    "adaptive threshold": { "ms": 250.41999999999825 },
    "2d convolution": { "ms": 718.2599999999984 },
    "mean blur": { "ms": 830.5 },
    "gaussian blur": { "ms": 7243.899999999998 },
    "median blur": { "ms": 10447.660000000003 },
    "bilateral filter": { "ms": 7039.159999999996 },
    "erosion": { "ms": 398.6400000000067 },
    "dilation": { "ms": 433.080000000009 },
    "opening": { "ms": 780.439999999995 },
    "closing": { "ms": 783.8399999999965 },
    "gradient": { "ms": 673.1199999999953 },
    "top hat": { "ms": 667.3799999999974 },
    "black hat": { "ms": 674.5400000000009 },
    "get structuring element": { "ms": 861.4199999999983 },
    "sobel": { "ms": 205.3199999999997 },
    "scharr": { "ms": 198.45999999999913 },
    "laplacian": { "ms": 216.91999999999825 },
    "canny": { "ms": 1138.3199999999997 },
    "contours": { "ms": 1054.6200000000026 },
    "histogram": { "ms": 446.7199999999939 },
    "equalize histogram": { "ms": 121.62000000000262 },
    "clahe": { "ms": 396.72000000000116 },
    "haar cascade faces": { "ms": 20784.659999999996 }
  }
}
