{"opencv":{"resize":{"ms":573.9800000000014},"translation":{"ms":537.1399999999994},"rotate 90":{"ms":703.1200000000008},"affine transformation":{"ms":472.46000000000095},"perspective transformation":{"ms":800.0799999999999},"grayscale":{"ms":36.07999999999993},"inRange":{"ms":238.07999999999993},"hsv":{"ms":276.20000000000255},"threshold":{"ms":94.81999999999971},"adaptive threshold":{"ms":254.61999999999898},"2d convolution":{"ms":711.2599999999984},"mean blur":{"ms":1022.0800000000017},"gaussian blur":{"ms":7838.02},"median blur":{"ms":10723.279999999999},"bilateral filter":{"ms":7975.560000000005},"erosion":{"ms":420.6200000000026},"dilation":{"ms":446},"opening":{"ms":842.3400000000038},"closing":{"ms":848.0599999999977},"gradient":{"ms":735.4400000000023},"top hat":{"ms":710.0999999999985},"black hat":{"ms":709.5200000000041},"get structuring element":{"ms":779.8800000000047},"sobel":{"ms":206.37999999999738},"scharr":{"ms":198.95999999999913},"laplacian":{"ms":223.23999999999796},"canny":{"ms":1221.5599999999977},"contours":{"ms":924.9000000000015},"histogram":{"ms":354.8199999999997},"equalize histogram":{"ms":120.02000000000407},"clahe":{"ms":429.70000000000437},"haar cascade faces":{"ms":21021.86}}}