{"libvips":{"rotate 90":{"ms":3.2048745095729827},"grayscale":{"ms":3.1820688009262086},"hsv":{"ms":1.9070173978805542},"gaussian blur":{"ms":2.653077983856201},"canny":{"ms":2.382902204990387}}}