{"libvips":{"rotate 90":{"ms":13.849084901809693},"grayscale":{"ms":3.936047500371933},"hsv":{"ms":1.8229055047035216},"gaussian blur":{"ms":2.339528799057007},"canny":{"ms":2.394014799594879}}}