{"opencv":{"rotate 90":{"ms":749.2512382209301},"2d convolution":{"ms":1159.2403410017491},"grayscale":{"ms":41.14742770791054},"hsv":{"ms":290.407238894701},"gaussian blur":{"ms":274.5196772992611},"median blur":{"ms":4951.831747102738},"canny":{"ms":496.00282818675043},"haar cascade":{"ms":20437.600908607244}},"photon":{"rotate 90":{"ms":395.0619843006134},"grayscale":{"ms":71.37127690911294},"hsv":{"ms":1766.8667259991169},"gaussian blur":{"ms":4317.37372290492}},"libvips":{"rotate 90":{"ms":33.311698311567305},"grayscale":{"ms":5.426522207260132},"hsv":{"ms":1.9070890069007873},"gaussian blur":{"ms":2.5252266943454744},"canny":{"ms":2.267796593904495}}}