{"libvips":{"rotate 90":{"ms":13.477954298257828},"grayscale":{"ms":3.645028495788574},"hsv":{"ms":2.326771301031113},"gaussian blur":{"ms":2.5757520854473115},"canny":{"ms":2.9863607048988343}}}