{
  "opencv": {
    "rotate 90": { "ms": 677.8686808943748 },
    "2d convolution": { "ms": 1118.6561391949654 },
    "grayscale": { "ms": 39.329221391677855 },
    "hsv": { "ms": 275.96826268434523 },
    "gaussian blur": { "ms": 260.0044291973114 },
    "median blur": { "ms": 5895.401756805181 },
    "canny": { "ms": 514.4517854809761 },
    "haar cascade": { "ms": 20508.809509801864 }
  },
  "photon": {
    "rotate 90": { "ms": 370.66068319678305 },
    "grayscale": { "ms": 70.1676492035389 },
    "hsv": { "ms": 1803.7697429895402 },
    "gaussian blur": { "ms": 4273.715100187063 }
  },
  "libvips": {
    "rotate 90": { "ms": 14.976881211996078 },
    "grayscale": { "ms": 2.398370397090912 },
    "hsv": { "ms": 2.1628153920173645 },
    "gaussian blur": { "ms": 2.540751600265503 },
    "canny": { "ms": 3.342165696620941 }
  }
}
