{"opencv":{"rotate 90":{"ms":725.647446012497},"2d convolution":{"ms":1132.2478163063527},"grayscale":{"ms":39.893516808748245},"hsv":{"ms":283.51700519919393},"gaussian blur":{"ms":267.2435000896454},"median blur":{"ms":4888.787759405374},"canny":{"ms":501.29129110574723},"haar cascade":{"ms":20445.04296079278}},"photon":{"rotate 90":{"ms":475.38344250321387},"grayscale":{"ms":70.60856090188027},"hsv":{"ms":1758.0075009047985},"gaussian blur":{"ms":4298.580031895637}},"libvips":{"rotate 90":{"ms":10.08083119392395},"grayscale":{"ms":2.008368593454361},"hsv":{"ms":1.7435198903083802},"gaussian blur":{"ms":2.286865597963333},"canny":{"ms":2.494449704885483}}}