{
  "opencv": {
    "rotate 90": { "ms": 739.1854369103909 },
    "2d convolution": { "ms": 1129.7830602943898 },
    "grayscale": { "ms": 40.59695791006088 },
    "hsv": { "ms": 288.1105775952339 },
    "gaussian blur": { "ms": 267.47889989614487 },
    "median blur": { "ms": 5461.549919599294 },
    "canny": { "ms": 634.6661921977997 },
    "haar cascade": { "ms": 24090.788860696553 }
  },
  "photon": {
    "rotate 90": { "ms": 483.2844091951847 },
    "grayscale": { "ms": 85.93995640277862 },
    "hsv": { "ms": 2084.703735792637 },
    "gaussian blur": { "ms": 4906.959814912081 }
  },
  "libvips": {
    "rotate 90": { "ms": 15.965129792690277 },
    "grayscale": { "ms": 2.7449129939079286 },
    "hsv": { "ms": 3.6009917855262756 },
    "gaussian blur": { "ms": 2.747917592525482 },
    "canny": { "ms": 2.963726097345352 }
  }
}
